time,load_1m,load_5m,load_15m,cpu_us,cpu_sy,cpu_ni,cpu_id,cpu_wa,cpu_hi,cpu_si,cpu_st,proc_total,proc_running,proc_sleeping,proc_stopped,proc_zombie
20:24:56,0.41,1.02,1.11,0.2,1.4,0.0,98.3,0.2,0.0,0.0,0.0,824,2,822,0,0
20:24:59,0.54,1.04,1.11,0.1,1.3,0.0,97.7,0.8,0.0,0.0,0.0,838,3,835,0,0
20:25:02,0.54,1.04,1.11,0.1,1.1,0.0,97.9,0.8,0.0,0.0,0.0,863,1,862,0,0
20:25:05,0.58,1.04,1.11,0.8,0.2,0.0,98.6,0.4,0.0,0.0,0.0,864,4,860,0,0
20:25:08,0.58,1.04,1.11,0.4,0.3,0.0,98.5,0.9,0.0,0.0,0.0,864,2,862,0,0
20:25:11,0.61,1.04,1.11,0.8,0.3,0.0,98.5,0.4,0.0,0.0,0.0,864,2,862,0,0
20:25:14,0.88,1.09,1.13,3.8,0.3,0.0,95.8,0.1,0.0,0.0,0.0,869,5,864,0,0
20:25:17,0.88,1.09,1.13,2.8,0.8,0.0,96.4,0.0,0.0,0.0,0.0,869,2,867,0,0
20:25:20,0.89,1.09,1.13,1.3,0.2,0.0,98.6,0.0,0.0,0.0,0.0,869,2,867,0,0
20:25:23,0.89,1.09,1.13,0.9,0.4,0.0,98.4,0.3,0.0,0.0,0.0,869,1,868,0,0
20:25:26,0.82,1.07,1.12,4.8,0.7,0.0,94.5,0.0,0.0,0.0,0.0,870,6,864,0,0
20:25:29,1.16,1.13,1.14,6.6,0.9,0.0,92.5,0.0,0.0,0.0,0.0,870,6,864,0,0
20:25:32,1.16,1.13,1.14,6.6,1.0,0.0,92.5,0.0,0.0,0.0,0.0,870,6,864,0,0
20:25:35,1.54,1.21,1.17,6.6,0.9,0.0,92.5,0.0,0.0,0.0,0.0,870,6,864,0,0
20:25:38,1.54,1.21,1.17,6.6,0.9,0.0,92.5,0.0,0.0,0.0,0.0,870,6,864,0,0
20:25:41,1.82,1.28,1.19,6.6,0.9,0.0,92.5,0.0,0.0,0.0,0.0,870,7,863,0,0
20:25:45,2.08,1.34,1.21,6.6,1.0,0.0,92.5,0.0,0.0,0.0,0.0,870,6,864,0,0
20:25:48,2.08,1.34,1.21,6.5,1.0,0.0,92.5,0.0,0.0,0.0,0.0,870,7,863,0,0
20:25:51,2.31,1.40,1.23,6.4,0.9,0.0,92.6,0.0,0.0,0.0,0.0,870,6,864,0,0
20:25:54,2.31,1.40,1.23,6.3,0.9,0.0,92.8,0.0,0.0,0.0,0.0,870,6,864,0,0
20:25:57,2.60,1.48,1.25,6.4,0.9,0.0,92.7,0.0,0.0,0.0,0.0,870,6,864,0,0
20:26:00,2.80,1.53,1.27,6.2,0.9,0.0,92.8,0.0,0.0,0.0,0.0,870,5,865,0,0
20:26:03,2.80,1.53,1.27,6.2,0.9,0.0,92.8,0.0,0.0,0.0,0.0,870,6,864,0,0
20:26:06,3.05,1.61,1.30,6.2,0.9,0.0,92.9,0.0,0.0,0.0,0.0,870,5,865,0,0
20:26:09,3.05,1.61,1.30,6.4,1.0,0.0,92.6,0.0,0.0,0.0,0.0,870,6,864,0,0
20:26:12,3.21,1.66,1.32,6.3,0.9,0.0,92.8,0.0,0.0,0.0,0.0,870,6,864,0,0
20:26:15,3.35,1.72,1.34,6.3,0.9,0.0,92.8,0.0,0.0,0.0,0.0,870,5,865,0,0
20:26:18,3.35,1.72,1.34,6.3,0.8,0.0,92.9,0.0,0.0,0.0,0.0,870,5,865,0,0
20:26:21,3.40,1.76,1.35,6.4,0.8,0.0,92.8,0.0,0.0,0.0,0.0,870,6,864,0,0
20:26:24,3.40,1.76,1.35,6.4,0.8,0.0,92.7,0.0,0.0,0.0,0.0,871,6,865,0,0
20:26:27,3.45,1.79,1.37,6.5,0.8,0.0,92.7,0.0,0.0,0.0,0.0,871,6,865,0,0
20:26:30,3.66,1.86,1.39,6.6,0.8,0.0,92.6,0.0,0.0,0.0,0.0,871,6,865,0,0
20:26:33,3.66,1.86,1.39,6.4,0.8,0.0,92.8,0.0,0.0,0.0,0.0,871,6,865,0,0
20:26:36,3.84,1.93,1.42,6.4,0.8,0.0,92.8,0.0,0.0,0.0,0.0,871,5,866,0,0
20:26:39,3.84,1.93,1.42,6.5,0.9,0.0,92.7,0.0,0.0,0.0,0.0,871,6,865,0,0
20:26:42,4.02,2.00,1.44,6.4,0.8,0.0,92.8,0.0,0.0,0.0,0.0,871,6,865,0,0
20:26:45,4.02,2.03,1.45,6.2,0.8,0.0,93.0,0.0,0.0,0.0,0.0,871,5,866,0,0
20:26:48,4.02,2.03,1.45,6.3,0.8,0.0,92.9,0.0,0.0,0.0,0.0,871,6,865,0,0
20:26:51,3.93,2.05,1.46,6.2,0.8,0.0,93.1,0.0,0.0,0.0,0.0,871,6,865,0,0
20:26:54,3.93,2.05,1.46,6.3,0.8,0.0,93.0,0.0,0.0,0.0,0.0,872,5,867,0,0
20:26:57,4.02,2.10,1.48,6.2,0.8,0.0,93.0,0.0,0.0,0.0,0.0,872,6,866,0,0
20:27:00,4.10,2.15,1.50,6.3,0.8,0.0,92.9,0.0,0.0,0.0,0.0,872,5,867,0,0
20:27:03,4.10,2.15,1.50,6.4,0.9,0.0,92.7,0.0,0.0,0.0,0.0,873,6,867,0,0
20:27:06,4.17,2.19,1.52,6.4,0.8,0.0,92.8,0.0,0.0,0.0,0.0,873,6,867,0,0
20:27:09,4.17,2.19,1.52,6.4,0.8,0.0,92.8,0.0,0.0,0.0,0.0,873,5,868,0,0
20:27:12,4.24,2.24,1.54,6.4,0.8,0.0,92.8,0.0,0.0,0.0,0.0,873,6,867,0,0
20:27:15,4.30,2.29,1.56,6.4,0.8,0.0,92.8,0.0,0.0,0.0,0.0,873,6,867,0,0
20:27:18,4.30,2.29,1.56,6.4,0.9,0.0,92.8,0.0,0.0,0.0,0.0,873,5,868,0,0
20:27:21,4.35,2.33,1.58,6.6,0.8,0.0,92.6,0.0,0.0,0.0,0.0,873,6,867,0,0
20:27:24,4.35,2.33,1.58,6.3,0.8,0.0,92.8,0.0,0.0,0.0,0.0,873,5,868,0,0
20:27:27,4.41,2.38,1.59,6.4,0.8,0.0,92.8,0.0,0.0,0.0,0.0,873,6,867,0,0
20:27:30,4.45,2.42,1.61,6.4,0.8,0.0,92.7,0.0,0.0,0.0,0.0,873,5,868,0,0
20:27:33,4.45,2.42,1.61,6.5,0.8,0.0,92.7,0.0,0.0,0.0,0.0,873,6,867,0,0
20:27:36,4.50,2.46,1.63,6.5,0.9,0.0,92.6,0.0,0.0,0.0,0.0,873,6,867,0,0
20:27:39,4.50,2.46,1.63,6.5,0.8,0.0,92.7,0.0,0.0,0.0,0.0,873,7,866,0,0
20:27:42,4.46,2.49,1.64,6.2,0.8,0.0,93.0,0.0,0.0,0.0,0.0,873,6,867,0,0
20:27:45,4.50,2.53,1.66,6.4,0.8,0.0,92.8,0.0,0.0,0.0,0.0,873,5,868,0,0
20:27:48,4.50,2.53,1.66,6.4,0.8,0.0,92.8,0.0,0.0,0.0,0.0,873,5,868,0,0
20:27:51,4.46,2.55,1.67,6.3,0.8,0.0,92.9,0.0,0.0,0.0,0.0,874,6,868,0,0
20:27:54,4.42,2.58,1.69,6.4,0.9,0.0,92.7,0.0,0.0,0.0,0.0,874,6,868,0,0
20:27:57,4.42,2.58,1.69,6.5,0.9,0.0,92.7,0.0,0.0,0.0,0.0,874,5,869,0,0
20:28:00,4.47,2.62,1.70,6.4,0.8,0.0,92.8,0.0,0.0,0.0,0.0,874,5,869,0,0
20:28:03,4.47,2.62,1.70,6.2,0.8,0.0,93.0,0.0,0.0,0.0,0.0,874,6,868,0,0
20:28:06,4.43,2.64,1.72,6.2,0.8,0.0,93.0,0.0,0.0,0.0,0.0,874,6,868,0,0
20:28:09,4.48,2.68,1.73,6.3,0.8,0.0,93.0,0.0,0.0,0.0,0.0,874,5,869,0,0
20:28:12,4.48,2.68,1.73,6.1,0.8,0.0,93.1,0.0,0.0,0.0,0.0,874,5,869,0,0
20:28:15,4.44,2.70,1.75,6.0,0.7,0.0,93.2,0.0,0.0,0.0,0.0,874,6,868,0,0
20:28:18,4.44,2.70,1.75,6.2,0.8,0.0,93.0,0.0,0.0,0.0,0.0,874,6,868,0,0
20:28:21,4.40,2.72,1.76,6.1,0.8,0.0,93.1,0.0,0.0,0.0,0.0,874,6,868,0,0
20:28:24,4.37,2.74,1.77,6.3,0.8,0.0,92.8,0.0,0.0,0.0,0.0,874,6,868,0,0
20:28:27,4.37,2.74,1.77,6.3,0.8,0.0,92.9,0.0,0.0,0.0,0.0,874,6,868,0,0
20:28:30,4.42,2.78,1.79,6.2,0.8,0.0,93.0,0.0,0.0,0.0,0.0,874,6,868,0,0
20:28:33,4.42,2.78,1.79,6.3,0.8,0.0,92.9,0.0,0.0,0.0,0.0,874,6,868,0,0
20:28:36,4.55,2.84,1.81,6.2,0.8,0.0,93.0,0.0,0.0,0.0,0.0,874,6,868,0,0
20:28:39,4.83,2.92,1.84,6.3,1.0,0.0,92.7,0.0,0.0,0.0,0.0,879,5,874,0,0
20:28:42,4.83,2.92,1.84,6.3,1.1,0.0,92.5,0.0,0.0,0.0,0.0,876,6,870,0,0
20:28:45,4.84,2.96,1.86,6.3,0.8,0.0,92.9,0.0,0.0,0.0,0.0,876,6,870,0,0
20:28:48,4.84,2.96,1.86,6.2,0.8,0.0,93.0,0.0,0.0,0.0,0.0,876,6,870,0,0
20:28:51,4.93,3.01,1.88,6.4,0.8,0.0,92.8,0.0,0.0,0.0,0.0,876,6,870,0,0
20:28:54,4.86,3.02,1.89,5.9,0.8,0.0,93.3,0.0,0.0,0.0,0.0,876,6,870,0,0
20:28:57,4.86,3.02,1.89,6.0,0.7,0.0,93.3,0.0,0.0,0.0,0.0,876,5,871,0,0
20:29:01,4.71,3.02,1.90,6.2,0.8,0.0,93.1,0.0,0.0,0.0,0.0,876,7,869,0,0
20:29:04,4.71,3.02,1.90,6.0,0.8,0.0,93.1,0.0,0.0,0.0,0.0,876,5,871,0,0
20:29:07,4.73,3.06,1.92,6.1,0.8,0.0,93.1,0.0,0.0,0.0,0.0,876,6,870,0,0
20:29:10,4.75,3.09,1.93,6.1,0.8,0.0,93.1,0.0,0.0,0.0,0.0,876,6,870,0,0
20:29:13,4.75,3.09,1.93,6.3,0.8,0.0,92.9,0.0,0.0,0.0,0.0,876,6,870,0,0
20:29:16,4.61,3.09,1.94,6.3,0.8,0.0,92.9,0.0,0.0,0.0,0.0,876,6,870,0,0
20:29:19,4.61,3.09,1.94,6.1,0.8,0.0,93.1,0.0,0.0,0.0,0.0,876,6,870,0,0
20:29:22,4.64,3.12,1.96,6.1,0.8,0.0,93.1,0.0,0.0,0.0,0.0,876,5,871,0,0
20:29:25,4.67,3.15,1.97,6.1,0.8,0.0,93.1,0.0,0.0,0.0,0.0,876,6,870,0,0
20:29:28,4.67,3.15,1.97,6.3,0.9,0.0,92.9,0.0,0.0,0.0,0.0,876,6,870,0,0
20:29:31,4.70,3.18,1.99,6.4,0.8,0.0,92.8,0.0,0.0,0.0,0.0,876,5,871,0,0
20:29:34,4.70,3.18,1.99,6.3,0.8,0.0,92.8,0.0,0.0,0.0,0.0,876,5,871,0,0
20:29:37,4.72,3.21,2.00,6.4,0.8,0.0,92.8,0.0,0.0,0.0,0.0,876,6,870,0,0
20:29:40,4.50,3.19,2.00,6.4,0.8,0.0,92.8,0.0,0.0,0.0,0.0,876,5,871,0,0
20:29:43,4.50,3.19,2.00,6.3,0.8,0.0,92.9,0.0,0.0,0.0,0.0,876,5,871,0,0
20:29:46,4.46,3.20,2.02,6.4,0.8,0.0,92.8,0.0,0.0,0.0,0.0,876,5,871,0,0
20:29:49,4.46,3.20,2.02,6.6,0.8,0.0,92.6,0.0,0.0,0.0,0.0,876,6,870,0,0
20:29:52,4.51,3.23,2.03,6.3,0.8,0.0,92.9,0.0,0.0,0.0,0.0,876,6,870,0,0
20:29:55,4.55,3.26,2.05,6.2,0.8,0.0,93.0,0.0,0.0,0.0,0.0,876,6,870,0,0
20:29:58,4.55,3.26,2.05,6.2,0.8,0.0,93.0,0.0,0.0,0.0,0.0,876,5,871,0,0
20:30:01,4.66,3.31,2.07,6.2,0.8,0.0,93.0,0.0,0.0,0.0,0.0,876,6,870,0,0
20:30:04,4.66,3.31,2.07,6.1,0.8,0.0,93.0,0.0,0.0,0.0,0.0,876,5,871,0,0
20:30:07,4.61,3.32,2.08,6.3,0.8,0.0,92.9,0.0,0.0,0.0,0.0,876,5,871,0,0
20:30:10,4.72,3.36,2.10,6.3,0.8,0.0,92.8,0.0,0.0,0.0,0.0,876,6,870,0,0
20:30:13,4.72,3.36,2.10,6.2,0.8,0.0,93.0,0.0,0.0,0.0,0.0,876,6,870,0,0
20:30:16,4.74,3.39,2.12,6.2,0.8,0.0,93.0,0.0,0.0,0.0,0.0,875,5,870,0,0
20:30:19,4.74,3.39,2.12,6.2,0.8,0.0,93.0,0.0,0.0,0.0,0.0,875,6,869,0,0
20:30:22,4.68,3.40,2.13,6.4,0.8,0.0,92.8,0.0,0.0,0.0,0.0,875,6,869,0,0
20:30:25,4.55,3.39,2.13,6.3,0.9,0.0,92.8,0.0,0.0,0.0,0.0,874,6,868,0,0
20:30:28,4.55,3.39,2.13,6.6,0.9,0.0,92.5,0.0,0.0,0.0,0.0,874,6,868,0,0
20:30:31,4.83,3.47,2.16,6.3,0.9,0.0,92.8,0.0,0.0,0.0,0.0,874,6,868,0,0
20:30:34,4.83,3.47,2.16,6.5,0.8,0.0,92.7,0.0,0.0,0.0,0.0,874,5,869,0,0
20:30:37,4.84,3.50,2.18,6.3,0.8,0.0,92.9,0.0,0.0,0.0,0.0,874,5,869,0,0
20:30:40,4.77,3.51,2.19,6.4,0.8,0.0,92.7,0.0,0.0,0.0,0.0,874,6,868,0,0
20:30:43,4.77,3.51,2.19,6.5,0.9,0.0,92.6,0.0,0.0,0.0,0.0,874,6,868,0,0
20:30:46,4.79,3.53,2.20,6.5,0.9,0.0,92.6,0.0,0.0,0.0,0.0,874,5,869,0,0
20:30:49,4.79,3.53,2.20,6.4,0.8,0.0,92.8,0.0,0.0,0.0,0.0,874,6,868,0,0
20:30:52,4.73,3.54,2.21,6.3,0.9,0.0,92.9,0.0,0.0,0.0,0.0,874,6,868,0,0
20:30:55,4.75,3.56,2.23,6.4,0.8,0.0,92.7,0.0,0.0,0.0,0.0,874,5,869,0,0
20:30:58,4.75,3.56,2.23,6.4,0.8,0.0,92.8,0.0,0.0,0.0,0.0,874,6,868,0,0
20:31:01,4.77,3.59,2.24,6.4,0.9,0.0,92.8,0.0,0.0,0.0,0.0,874,5,869,0,0
20:31:04,4.77,3.59,2.24,6.4,0.9,0.0,92.8,0.0,0.0,0.0,0.0,874,6,868,0,0
20:31:07,4.71,3.59,2.25,6.4,0.8,0.0,92.8,0.0,0.0,0.0,0.0,874,5,869,0,0
20:31:10,4.73,3.62,2.27,6.3,0.9,0.0,92.8,0.0,0.0,0.0,0.0,874,5,869,0,0
20:31:13,4.73,3.62,2.27,6.3,0.8,0.0,92.9,0.0,0.0,0.0,0.0,874,5,869,0,0
20:31:16,4.51,3.59,2.26,6.2,0.8,0.0,93.0,0.0,0.0,0.0,0.0,874,6,868,0,0
20:31:19,4.55,3.61,2.28,6.4,0.8,0.0,92.8,0.0,0.0,0.0,0.0,874,5,869,0,0
20:31:22,4.55,3.61,2.28,6.3,0.8,0.0,92.8,0.0,0.0,0.0,0.0,873,6,867,0,0
20:31:25,4.59,3.64,2.29,6.3,0.8,0.0,92.9,0.0,0.0,0.0,0.0,874,6,868,0,0
20:31:28,4.59,3.64,2.29,6.3,0.9,0.0,92.8,0.0,0.0,0.0,0.0,874,5,869,0,0
20:31:31,4.46,3.63,2.30,6.5,0.9,0.0,92.6,0.0,0.0,0.0,0.0,874,6,868,0,0
20:31:34,4.50,3.65,2.31,6.6,0.9,0.0,92.6,0.0,0.0,0.0,0.0,874,6,868,0,0
20:31:37,4.50,3.65,2.31,6.5,0.9,0.0,92.6,0.0,0.0,0.0,0.0,874,6,868,0,0
20:31:40,4.54,3.67,2.33,6.5,0.9,0.0,92.6,0.0,0.0,0.0,0.0,874,7,867,0,0
20:31:43,4.54,3.67,2.33,6.4,0.8,0.0,92.7,0.0,0.0,0.0,0.0,874,6,868,0,0
20:31:46,4.42,3.66,2.33,6.4,0.8,0.0,92.8,0.0,0.0,0.0,0.0,874,6,868,0,0
20:31:49,4.31,3.65,2.33,6.3,0.9,0.0,92.8,0.0,0.0,0.0,0.0,874,6,868,0,0
20:31:52,4.31,3.65,2.33,6.3,0.9,0.0,92.8,0.0,0.0,0.0,0.0,874,6,868,0,0
20:31:55,4.28,3.65,2.34,6.0,0.8,0.0,93.2,0.0,0.0,0.0,0.0,873,5,868,0,0
20:31:58,4.28,3.65,2.34,6.2,0.9,0.0,92.9,0.0,0.0,0.0,0.0,873,6,867,0,0
20:32:01,4.42,3.69,2.36,6.3,0.8,0.0,92.9,0.0,0.0,0.0,0.0,873,6,867,0,0
20:32:04,4.31,3.68,2.37,6.2,0.8,0.0,92.9,0.0,0.0,0.0,0.0,872,5,867,0,0
20:32:07,4.31,3.68,2.37,6.2,0.9,0.0,93.0,0.0,0.0,0.0,0.0,872,5,867,0,0
20:32:10,4.44,3.72,2.39,6.5,0.9,0.0,92.7,0.0,0.0,0.0,0.0,872,6,866,0,0
20:32:13,4.44,3.72,2.39,6.6,0.9,0.0,92.6,0.0,0.0,0.0,0.0,872,6,866,0,0
20:32:17,4.57,3.76,2.40,6.5,0.9,0.0,92.6,0.0,0.0,0.0,0.0,872,6,866,0,0
20:32:20,4.60,3.78,2.42,6.6,0.9,0.0,92.6,0.0,0.0,0.0,0.0,872,6,866,0,0
20:32:23,4.60,3.78,2.42,6.4,0.8,0.0,92.7,0.0,0.0,0.0,0.0,872,6,866,0,0
20:32:26,4.63,3.80,2.43,6.3,0.8,0.0,92.9,0.0,0.0,0.0,0.0,872,6,866,0,0
20:32:29,4.63,3.80,2.43,6.2,0.9,0.0,92.9,0.0,0.0,0.0,0.0,872,5,867,0,0
20:32:32,4.58,3.80,2.44,6.1,0.8,0.0,93.1,0.0,0.0,0.0,0.0,872,6,866,0,0
20:32:35,4.54,3.81,2.45,6.2,0.8,0.0,93.0,0.0,0.0,0.0,0.0,873,6,867,0,0
20:32:38,4.54,3.81,2.45,6.1,0.8,0.0,93.1,0.0,0.0,0.0,0.0,873,7,866,0,0
20:32:41,4.41,3.79,2.45,6.2,0.8,0.0,93.0,0.0,0.0,0.0,0.0,873,6,867,0,0
20:32:44,4.41,3.79,2.45,6.4,0.9,0.0,92.7,0.0,0.0,0.0,0.0,873,7,866,0,0
20:32:47,4.54,3.83,2.47,6.5,0.9,0.0,92.6,0.0,0.0,0.0,0.0,873,6,867,0,0
20:32:50,4.58,3.85,2.48,6.3,0.8,0.0,92.8,0.0,0.0,0.0,0.0,873,7,866,0,0
20:32:53,4.58,3.85,2.48,6.3,0.8,0.0,92.9,0.0,0.0,0.0,0.0,872,6,866,0,0
20:32:56,4.53,3.85,2.49,6.0,0.9,0.0,93.1,0.0,0.0,0.0,0.0,872,6,866,0,0
20:32:59,4.53,3.85,2.49,6.2,0.8,0.0,93.0,0.0,0.0,0.0,0.0,872,4,868,0,0
20:33:02,4.49,3.85,2.50,6.1,0.8,0.0,93.2,0.0,0.0,0.0,0.0,872,5,867,0,0
20:33:05,4.45,3.86,2.51,6.0,0.8,0.0,93.1,0.0,0.0,0.0,0.0,872,5,867,0,0
20:33:08,4.45,3.86,2.51,6.3,0.8,0.0,92.9,0.0,0.0,0.0,0.0,872,6,866,0,0
20:33:11,4.41,3.86,2.52,6.3,0.9,0.0,92.9,0.0,0.0,0.0,0.0,872,6,866,0,0
20:33:14,4.41,3.86,2.52,6.4,0.9,0.0,92.8,0.0,0.0,0.0,0.0,872,6,866,0,0
20:33:17,4.38,3.86,2.52,6.3,0.9,0.0,92.8,0.0,0.0,0.0,0.0,872,5,867,0,0
20:33:20,4.51,3.90,2.54,6.3,0.8,0.0,92.9,0.0,0.0,0.0,0.0,872,5,867,0,0
20:33:23,4.51,3.90,2.54,6.1,0.8,0.0,93.1,0.0,0.0,0.0,0.0,872,6,866,0,0
20:33:26,4.47,3.90,2.55,6.4,0.8,0.0,92.8,0.0,0.0,0.0,0.0,872,6,866,0,0
20:33:29,4.47,3.90,2.55,6.2,0.8,0.0,93.0,0.0,0.0,0.0,0.0,872,6,866,0,0
20:33:32,4.59,3.93,2.57,5.8,0.7,0.0,93.5,0.0,0.0,0.0,0.0,872,6,866,0,0
20:33:35,4.54,3.93,2.58,6.1,0.8,0.0,93.1,0.0,0.0,0.0,0.0,872,6,866,0,0
20:33:38,4.54,3.93,2.58,6.1,0.8,0.0,93.1,0.0,0.0,0.0,0.0,872,6,866,0,0
20:33:41,4.58,3.95,2.59,6.4,0.9,0.0,92.7,0.0,0.0,0.0,0.0,872,4,868,0,0
20:33:44,4.58,3.95,2.59,6.2,0.8,0.0,92.9,0.0,0.0,0.0,0.0,870,6,864,0,0
20:33:47,4.53,3.95,2.60,6.3,0.9,0.0,92.8,0.0,0.0,0.0,0.0,870,7,863,0,0
20:33:50,4.57,3.97,2.61,6.2,0.8,0.0,92.9,0.0,0.0,0.0,0.0,870,5,865,0,0
20:33:53,4.57,3.97,2.61,5.9,0.8,0.0,93.3,0.0,0.0,0.0,0.0,870,7,863,0,0
20:33:56,4.44,3.95,2.61,6.1,0.8,0.0,93.1,0.0,0.0,0.0,0.0,870,5,865,0,0
20:33:59,4.44,3.95,2.61,6.2,0.8,0.0,93.0,0.0,0.0,0.0,0.0,870,6,864,0,0
20:34:02,4.49,3.97,2.63,6.1,0.8,0.0,93.1,0.0,0.0,0.0,0.0,870,5,865,0,0
20:34:05,4.45,3.97,2.63,6.3,0.9,0.0,92.8,0.0,0.0,0.0,0.0,870,6,864,0,0
20:34:08,4.45,3.97,2.63,6.5,0.9,0.0,92.6,0.0,0.0,0.0,0.0,870,5,865,0,0
20:34:11,4.57,4.01,2.65,6.2,0.9,0.0,92.9,0.0,0.0,0.0,0.0,870,6,864,0,0
20:34:14,4.57,4.01,2.65,6.4,0.8,0.0,92.8,0.0,0.0,0.0,0.0,870,7,863,0,0
20:34:17,4.61,4.02,2.66,6.3,0.9,0.0,92.8,0.0,0.0,0.0,0.0,870,6,864,0,0
20:34:20,4.56,4.02,2.67,6.1,0.8,0.0,93.1,0.0,0.0,0.0,0.0,870,6,864,0,0
20:34:23,4.56,4.02,2.67,6.4,0.9,0.0,92.7,0.0,0.0,0.0,0.0,871,6,865,0,0
20:34:26,4.59,4.04,2.68,6.5,0.9,0.0,92.6,0.0,0.0,0.0,0.0,871,6,865,0,0
20:34:29,4.63,4.05,2.70,6.3,0.8,0.0,92.9,0.0,0.0,0.0,0.0,871,6,865,0,0
20:34:32,4.63,4.05,2.70,6.4,0.9,0.0,92.7,0.0,0.0,0.0,0.0,871,6,865,0,0
20:34:35,4.66,4.07,2.71,6.5,0.9,0.0,92.6,0.0,0.0,0.0,0.0,871,7,864,0,0
20:34:38,4.66,4.07,2.71,6.3,0.8,0.0,92.9,0.0,0.0,0.0,0.0,872,6,866,0,0
20:34:41,4.68,4.09,2.72,6.4,0.9,0.0,92.7,0.0,0.0,0.0,0.0,872,6,866,0,0
20:34:44,4.63,4.08,2.73,6.3,0.8,0.0,92.9,0.0,0.0,0.0,0.0,872,5,867,0,0
20:34:47,4.63,4.08,2.73,6.4,0.8,0.0,92.8,0.0,0.0,0.0,0.0,872,6,866,0,0
20:34:50,4.58,4.08,2.73,6.2,0.8,0.0,93.0,0.0,0.0,0.0,0.0,872,6,866,0,0
20:34:53,4.58,4.08,2.73,5.8,0.8,0.0,93.3,0.0,0.0,0.0,0.0,872,5,867,0,0
20:34:56,4.61,4.10,2.75,6.2,0.8,0.0,93.0,0.0,0.0,0.0,0.0,872,5,867,0,0
20:34:59,4.56,4.10,2.75,6.3,0.8,0.0,92.9,0.0,0.0,0.0,0.0,872,6,866,0,0
20:35:02,4.56,4.10,2.75,6.1,0.8,0.0,93.0,0.0,0.0,0.0,0.0,872,4,868,0,0
20:35:05,4.60,4.11,2.77,6.4,0.8,0.0,92.8,0.0,0.0,0.0,0.0,872,5,867,0,0
20:35:08,4.60,4.11,2.77,6.4,0.8,0.0,92.8,0.0,0.0,0.0,0.0,872,6,866,0,0
20:35:11,4.47,4.09,2.77,6.4,0.9,0.0,92.8,0.0,0.0,0.0,0.0,872,6,866,0,0
20:35:14,4.59,4.12,2.78,6.6,0.9,0.0,92.5,0.0,0.0,0.0,0.0,872,5,867,0,0
20:35:17,4.59,4.12,2.78,6.5,1.0,0.0,92.5,0.0,0.0,0.0,0.0,872,6,866,0,0
20:35:20,4.71,4.16,2.80,6.6,0.9,0.0,92.5,0.0,0.0,0.0,0.0,871,7,864,0,0
20:35:23,4.71,4.16,2.80,6.5,0.9,0.0,92.6,0.0,0.0,0.0,0.0,871,6,865,0,0
20:35:26,4.73,4.17,2.81,6.3,0.9,0.0,92.8,0.0,0.0,0.0,0.0,871,6,865,0,0
20:35:30,4.83,4.20,2.83,6.3,0.9,0.0,92.8,0.0,0.0,0.0,0.0,871,6,865,0,0
20:35:33,4.83,4.20,2.83,6.3,0.8,0.0,92.9,0.0,0.0,0.0,0.0,871,6,865,0,0
20:35:36,4.85,4.21,2.84,6.3,0.8,0.0,92.9,0.0,0.0,0.0,0.0,871,4,867,0,0
20:35:39,4.85,4.21,2.84,6.5,0.9,0.0,92.6,0.0,0.0,0.0,0.0,872,7,865,0,0
20:35:42,4.86,4.23,2.85,6.5,0.8,0.0,92.7,0.0,0.0,0.0,0.0,872,6,866,0,0
20:35:45,4.87,4.24,2.87,6.4,0.8,0.0,92.8,0.0,0.0,0.0,0.0,872,6,866,0,0
20:35:48,4.87,4.24,2.87,6.4,0.8,0.0,92.8,0.0,0.0,0.0,0.0,872,6,866,0,0
20:35:51,4.88,4.25,2.88,6.4,0.9,0.0,92.7,0.0,0.0,0.0,0.0,872,6,866,0,0
20:35:54,4.88,4.25,2.88,6.4,0.9,0.0,92.7,0.0,0.0,0.0,0.0,873,7,866,0,0
20:35:57,4.89,4.26,2.89,6.4,0.9,0.0,92.8,0.0,0.0,0.0,0.0,873,6,867,0,0
20:36:00,4.90,4.28,2.90,6.3,0.9,0.0,92.8,0.0,0.0,0.0,0.0,873,6,867,0,0
20:36:03,4.90,4.28,2.90,6.5,0.9,0.0,92.7,0.0,0.0,0.0,0.0,873,6,867,0,0
20:36:06,4.75,4.26,2.90,6.3,0.9,0.0,92.8,0.0,0.0,0.0,0.0,873,5,868,0,0
20:36:09,4.75,4.26,2.90,6.4,0.8,0.0,92.8,0.0,0.0,0.0,0.0,873,5,868,0,0
20:36:12,4.69,4.25,2.91,6.1,0.8,0.0,93.1,0.0,0.0,0.0,0.0,873,6,867,0,0
20:36:15,4.55,4.23,2.91,6.2,0.8,0.0,93.0,0.0,0.0,0.0,0.0,873,6,867,0,0
20:36:18,4.55,4.23,2.91,6.3,0.8,0.0,92.9,0.0,0.0,0.0,0.0,873,6,867,0,0
20:36:21,4.43,4.21,2.91,6.1,0.8,0.0,93.0,0.0,0.0,0.0,0.0,873,5,868,0,0
20:36:24,4.43,4.21,2.91,6.1,0.8,0.0,93.1,0.0,0.0,0.0,0.0,873,6,867,0,0
20:36:27,4.39,4.21,2.91,6.3,0.8,0.0,92.9,0.0,0.0,0.0,0.0,872,6,866,0,0
20:36:30,4.36,4.20,2.92,6.3,0.9,0.0,92.8,0.0,0.0,0.0,0.0,872,6,866,0,0
20:36:33,4.36,4.20,2.92,6.2,0.8,0.0,92.9,0.0,0.0,0.0,0.0,872,5,867,0,0
20:36:36,4.41,4.22,2.93,5.8,0.8,0.0,93.4,0.0,0.0,0.0,0.0,872,5,867,0,0
20:36:39,4.41,4.22,2.93,6.1,0.8,0.0,93.1,0.0,0.0,0.0,0.0,872,6,866,0,0
20:36:42,4.46,4.23,2.94,6.2,0.8,0.0,93.0,0.0,0.0,0.0,0.0,872,6,866,0,0
20:36:45,4.50,4.24,2.95,6.4,0.8,0.0,92.8,0.0,0.0,0.0,0.0,872,6,866,0,0
20:36:48,4.50,4.24,2.95,6.2,0.8,0.0,92.9,0.0,0.0,0.0,0.0,872,6,866,0,0
20:36:51,4.54,4.25,2.96,6.0,0.8,0.0,93.1,0.0,0.0,0.0,0.0,872,6,866,0,0
20:36:54,4.54,4.25,2.96,6.4,0.9,0.0,92.7,0.0,0.0,0.0,0.0,872,6,866,0,0
20:36:57,4.50,4.25,2.97,6.4,0.9,0.0,92.7,0.0,0.0,0.0,0.0,872,6,866,0,0
20:37:00,4.46,4.25,2.97,6.4,0.8,0.0,92.7,0.0,0.0,0.0,0.0,872,6,866,0,0
20:37:03,4.46,4.25,2.97,6.5,0.8,0.0,92.6,0.0,0.0,0.0,0.0,872,6,866,0,0
20:37:06,4.42,4.24,2.98,6.4,0.8,0.0,92.8,0.0,0.0,0.0,0.0,872,6,866,0,0
20:37:09,4.42,4.24,2.98,6.6,0.8,0.0,92.6,0.0,0.0,0.0,0.0,872,6,866,0,0
20:37:12,4.55,4.27,3.00,6.3,0.8,0.0,92.9,0.0,0.0,0.0,0.0,873,6,867,0,0
20:37:15,4.51,4.27,3.00,6.2,0.8,0.0,93.0,0.0,0.0,0.0,0.0,873,6,867,0,0
20:37:18,4.51,4.27,3.00,6.3,0.9,0.0,92.8,0.0,0.0,0.0,0.0,873,6,867,0,0
20:37:21,4.46,4.26,3.01,6.4,0.9,0.0,92.7,0.0,0.0,0.0,0.0,873,6,867,0,0
20:37:24,4.46,4.26,3.01,6.4,0.9,0.0,92.7,0.0,0.0,0.0,0.0,873,6,867,0,0
20:37:27,4.43,4.26,3.01,6.4,0.8,0.0,92.8,0.0,0.0,0.0,0.0,873,6,867,0,0
20:37:30,4.47,4.27,3.02,6.4,0.8,0.0,92.8,0.0,0.0,0.0,0.0,873,6,867,0,0
20:37:33,4.47,4.27,3.02,6.3,0.8,0.0,92.9,0.0,0.0,0.0,0.0,873,7,866,0,0
20:37:36,4.52,4.28,3.03,6.4,0.8,0.0,92.8,0.0,0.0,0.0,0.0,872,6,866,0,0
20:37:39,4.52,4.28,3.03,6.4,0.8,0.0,92.8,0.0,0.0,0.0,0.0,872,7,865,0,0
20:37:42,4.63,4.31,3.05,6.2,0.8,0.0,92.9,0.0,0.0,0.0,0.0,872,6,866,0,0
20:37:45,4.66,4.32,3.06,6.3,0.9,0.0,92.8,0.0,0.0,0.0,0.0,872,6,866,0,0
20:37:48,4.66,4.32,3.06,6.4,0.8,0.0,92.8,0.0,0.0,0.0,0.0,872,6,866,0,0
20:37:51,4.61,4.32,3.06,6.3,0.8,0.0,92.9,0.0,0.0,0.0,0.0,872,5,867,0,0
20:37:54,4.64,4.33,3.07,6.3,0.9,0.0,92.8,0.0,0.0,0.0,0.0,872,6,866,0,0
20:37:57,4.64,4.33,3.07,6.3,0.8,0.0,92.8,0.0,0.0,0.0,0.0,873,6,867,0,0
20:38:00,4.59,4.32,3.08,6.4,0.9,0.0,92.8,0.0,0.0,0.0,0.0,873,5,868,0,0
20:38:03,4.59,4.32,3.08,6.5,0.9,0.0,92.6,0.0,0.0,0.0,0.0,873,6,867,0,0
20:38:06,4.46,4.30,3.08,6.4,0.9,0.0,92.7,0.0,0.0,0.0,0.0,873,6,867,0,0
20:38:09,4.43,4.30,3.08,6.5,0.9,0.0,92.7,0.0,0.0,0.0,0.0,873,6,867,0,0
20:38:12,4.43,4.30,3.08,6.5,0.9,0.0,92.6,0.0,0.0,0.0,0.0,873,6,867,0,0
20:38:15,4.47,4.31,3.09,6.4,0.9,0.0,92.7,0.0,0.0,0.0,0.0,873,6,867,0,0
20:38:18,4.47,4.31,3.09,6.3,0.8,0.0,92.8,0.0,0.0,0.0,0.0,873,6,867,0,0
20:38:21,4.43,4.30,3.10,6.4,0.9,0.0,92.7,0.0,0.0,0.0,0.0,873,6,867,0,0
20:38:24,4.48,4.31,3.11,6.3,0.9,0.0,92.8,0.0,0.0,0.0,0.0,873,6,867,0,0
20:38:27,4.48,4.31,3.11,6.5,0.8,0.0,92.7,0.0,0.0,0.0,0.0,873,6,867,0,0
20:38:30,4.52,4.33,3.12,6.4,0.9,0.0,92.8,0.0,0.0,0.0,0.0,873,6,867,0,0
20:38:33,4.52,4.33,3.12,5.9,0.7,0.0,93.4,0.0,0.0,0.0,0.0,873,6,867,0,0
20:38:36,4.56,4.34,3.13,6.4,0.9,0.0,92.7,0.0,0.0,0.0,0.0,873,6,867,0,0
20:38:39,4.51,4.33,3.13,6.1,0.8,0.0,93.0,0.0,0.0,0.0,0.0,873,6,867,0,0
20:38:42,4.51,4.33,3.13,6.1,0.8,0.0,93.1,0.0,0.0,0.0,0.0,873,6,867,0,0
20:38:45,4.47,4.33,3.14,6.3,0.9,0.0,92.8,0.0,0.0,0.0,0.0,873,7,866,0,0
20:38:49,4.47,4.33,3.14,6.4,0.9,0.0,92.7,0.0,0.0,0.0,0.0,873,5,868,0,0
20:38:52,4.60,4.35,3.15,6.4,0.9,0.0,92.7,0.0,0.0,0.0,0.0,873,6,867,0,0
20:38:55,4.71,4.38,3.17,6.2,0.9,0.0,92.9,0.0,0.0,0.0,0.0,873,6,867,0,0
20:38:58,4.71,4.38,3.17,6.2,0.8,0.0,92.9,0.0,0.0,0.0,0.0,873,6,867,0,0
20:39:01,4.89,4.42,3.19,6.4,0.9,0.0,92.8,0.0,0.0,0.0,0.0,873,5,868,0,0
20:39:04,4.89,4.42,3.19,6.2,0.8,0.0,93.0,0.0,0.0,0.0,0.0,873,6,867,0,0
20:39:07,4.90,4.43,3.20,6.2,0.8,0.0,92.9,0.0,0.0,0.0,0.0,873,6,867,0,0
20:39:10,4.83,4.43,3.20,6.3,0.8,0.0,92.9,0.0,0.0,0.0,0.0,873,6,867,0,0
20:39:13,4.83,4.43,3.20,6.4,0.9,0.0,92.8,0.0,0.0,0.0,0.0,873,6,867,0,0
20:39:16,4.76,4.42,3.21,6.4,0.9,0.0,92.8,0.0,0.0,0.0,0.0,873,6,867,0,0
20:39:19,4.76,4.42,3.21,6.2,0.8,0.0,93.0,0.0,0.0,0.0,0.0,873,5,868,0,0
20:39:22,4.70,4.41,3.21,6.4,0.9,0.0,92.7,0.0,0.0,0.0,0.0,873,6,867,0,0
20:39:25,4.64,4.41,3.22,6.5,0.9,0.0,92.6,0.0,0.0,0.0,0.0,872,6,866,0,0
20:39:28,4.64,4.41,3.22,6.3,0.8,0.0,92.8,0.0,0.0,0.0,0.0,872,6,866,0,0
20:39:31,4.51,4.38,3.22,6.2,0.9,0.0,92.9,0.0,0.0,0.0,0.0,872,5,867,0,0
20:39:34,4.51,4.38,3.22,6.3,0.8,0.0,92.9,0.0,0.0,0.0,0.0,872,5,867,0,0
20:39:37,4.47,4.38,3.22,6.0,0.8,0.0,93.3,0.0,0.0,0.0,0.0,872,6,866,0,0
20:39:40,4.51,4.39,3.23,6.4,0.9,0.0,92.8,0.0,0.0,0.0,0.0,871,5,866,0,0
20:39:43,4.51,4.39,3.23,6.4,0.8,0.0,92.8,0.0,0.0,0.0,0.0,871,6,865,0,0
20:39:46,4.71,4.43,3.25,6.2,0.8,0.0,92.9,0.0,0.0,0.0,0.0,872,5,867,0,0
20:39:49,4.71,4.43,3.25,6.4,0.9,0.0,92.7,0.0,0.0,0.0,0.0,872,6,866,0,0
20:39:52,4.74,4.44,3.26,6.3,0.8,0.0,92.9,0.0,0.0,0.0,0.0,872,5,867,0,0
20:39:55,4.68,4.43,3.26,6.4,0.8,0.0,92.8,0.0,0.0,0.0,0.0,873,5,868,0,0
20:39:58,4.68,4.43,3.26,6.4,0.9,0.0,92.7,0.0,0.0,0.0,0.0,873,6,867,0,0
20:40:01,4.54,4.41,3.26,6.4,0.9,0.0,92.7,0.0,0.0,0.0,0.0,873,6,867,0,0
20:40:04,4.54,4.41,3.26,6.4,0.8,0.0,92.7,0.0,0.0,0.0,0.0,873,5,868,0,0
20:40:07,4.42,4.38,3.26,6.4,0.8,0.0,92.8,0.0,0.0,0.0,0.0,873,6,867,0,0
20:40:10,4.39,4.38,3.27,6.3,0.9,0.0,92.8,0.0,0.0,0.0,0.0,873,6,867,0,0
20:40:13,4.39,4.38,3.27,6.4,0.8,0.0,92.8,0.0,0.0,0.0,0.0,873,6,867,0,0
20:40:16,4.43,4.39,3.27,6.3,0.9,0.0,92.8,0.0,0.0,0.0,0.0,873,7,866,0,0
20:40:19,4.43,4.39,3.27,6.3,0.9,0.0,92.8,0.0,0.0,0.0,0.0,873,6,867,0,0
20:40:22,4.56,4.42,3.29,6.4,0.9,0.0,92.7,0.0,0.0,0.0,0.0,873,6,867,0,0
20:40:25,4.52,4.41,3.29,6.2,0.8,0.0,93.0,0.0,0.0,0.0,0.0,873,6,867,0,0
20:40:28,4.52,4.41,3.29,6.5,0.9,0.0,92.7,0.0,0.0,0.0,0.0,873,6,867,0,0
20:40:31,4.47,4.40,3.30,6.3,0.9,0.0,92.8,0.0,0.0,0.0,0.0,873,6,867,0,0
20:40:34,4.47,4.40,3.30,6.5,0.8,0.0,92.7,0.0,0.0,0.0,0.0,873,6,867,0,0
20:40:37,4.52,4.41,3.31,6.3,0.9,0.0,92.8,0.0,0.0,0.0,0.0,873,6,867,0,0
20:40:40,4.47,4.40,3.31,6.3,0.8,0.0,92.9,0.0,0.0,0.0,0.0,872,5,867,0,0
20:40:43,4.47,4.40,3.31,6.3,0.8,0.0,92.9,0.0,0.0,0.0,0.0,872,4,868,0,0
20:40:46,4.44,4.40,3.31,6.3,0.8,0.0,92.9,0.0,0.0,0.0,0.0,872,5,867,0,0
20:40:49,4.44,4.40,3.31,6.2,0.8,0.0,93.0,0.0,0.0,0.0,0.0,872,6,866,0,0
20:40:52,4.40,4.39,3.32,6.3,0.9,0.0,92.8,0.0,0.0,0.0,0.0,872,6,866,0,0
20:40:55,4.45,4.40,3.33,6.4,0.9,0.0,92.8,0.0,0.0,0.0,0.0,871,6,865,0,0
20:40:58,4.45,4.40,3.33,6.3,0.8,0.0,92.9,0.0,0.0,0.0,0.0,871,6,865,0,0
20:41:01,4.57,4.43,3.34,6.3,0.9,0.0,92.9,0.0,0.0,0.0,0.0,871,5,866,0,0
20:41:04,4.57,4.43,3.34,6.3,0.8,0.0,92.9,0.0,0.0,0.0,0.0,870,6,864,0,0
20:41:07,4.77,4.47,3.36,6.3,0.8,0.0,92.8,0.0,0.0,0.0,0.0,870,6,864,0,0
20:41:10,4.71,4.46,3.36,6.2,0.8,0.0,92.9,0.0,0.0,0.0,0.0,870,6,864,0,0
20:41:13,4.71,4.46,3.36,6.2,0.9,0.0,92.9,0.0,0.0,0.0,0.0,870,6,864,0,0
20:41:16,4.49,4.42,3.36,6.4,0.9,0.0,92.7,0.0,0.0,0.0,0.0,870,5,865,0,0
20:41:19,4.53,4.43,3.37,6.4,0.8,0.0,92.7,0.0,0.0,0.0,0.0,870,6,864,0,0
20:41:22,4.53,4.43,3.37,6.3,0.9,0.0,92.8,0.0,0.0,0.0,0.0,870,6,864,0,0
20:41:25,4.49,4.42,3.37,6.4,0.8,0.0,92.7,0.0,0.0,0.0,0.0,870,6,864,0,0
20:41:28,4.49,4.42,3.37,6.3,0.9,0.0,92.8,0.0,0.0,0.0,0.0,870,5,865,0,0
20:41:31,4.53,4.43,3.38,6.3,0.9,0.0,92.9,0.0,0.0,0.0,0.0,870,6,864,0,0
20:41:34,4.49,4.43,3.38,6.2,0.8,0.0,93.0,0.0,0.0,0.0,0.0,871,5,866,0,0
20:41:37,4.49,4.43,3.38,6.1,0.8,0.0,93.0,0.0,0.0,0.0,0.0,871,5,866,0,0
20:41:41,4.45,4.42,3.38,6.4,0.9,0.0,92.7,0.0,0.0,0.0,0.0,871,6,865,0,0
20:41:44,4.45,4.42,3.38,6.4,0.8,0.0,92.8,0.0,0.0,0.0,0.0,871,5,866,0,0
20:41:47,4.49,4.43,3.39,6.3,0.9,0.0,92.8,0.0,0.0,0.0,0.0,871,5,866,0,0
20:41:50,4.45,4.42,3.40,6.3,0.8,0.0,92.8,0.0,0.0,0.0,0.0,871,6,865,0,0
20:41:53,4.45,4.42,3.40,6.3,0.8,0.0,92.9,0.0,0.0,0.0,0.0,871,6,865,0,0
20:41:56,4.50,4.43,3.41,6.2,0.9,0.0,92.9,0.0,0.0,0.0,0.0,871,6,865,0,0
20:41:59,4.50,4.43,3.41,6.3,0.9,0.0,92.8,0.0,0.0,0.0,0.0,870,6,864,0,0
20:42:02,4.54,4.44,3.41,6.4,0.9,0.0,92.7,0.0,0.0,0.0,0.0,871,6,865,0,0
20:42:05,4.57,4.45,3.42,6.2,0.8,0.0,93.0,0.0,0.0,0.0,0.0,871,6,865,0,0
20:42:08,4.57,4.45,3.42,6.3,0.9,0.0,92.8,0.0,0.0,0.0,0.0,871,5,866,0,0
20:42:11,4.45,4.43,3.42,6.1,0.8,0.0,93.0,0.0,0.0,0.0,0.0,871,5,866,0,0
20:42:14,4.45,4.43,3.42,6.2,0.8,0.0,93.0,0.0,0.0,0.0,0.0,871,6,865,0,0
20:42:17,4.49,4.44,3.43,6.4,0.9,0.0,92.7,0.0,0.0,0.0,0.0,871,6,865,0,0
20:42:20,4.53,4.45,3.44,6.4,0.9,0.0,92.8,0.0,0.0,0.0,0.0,871,7,864,0,0
20:42:23,4.53,4.45,3.44,6.1,0.9,0.0,93.0,0.0,0.0,0.0,0.0,871,6,865,0,0
20:42:26,4.57,4.45,3.45,6.1,0.9,0.0,93.1,0.0,0.0,0.0,0.0,871,6,865,0,0
20:42:29,4.57,4.45,3.45,6.3,0.8,0.0,92.9,0.0,0.0,0.0,0.0,871,6,865,0,0
20:42:32,4.52,4.45,3.45,6.1,0.9,0.0,93.0,0.0,0.0,0.0,0.0,872,6,866,0,0
20:42:35,4.56,4.46,3.46,6.2,0.8,0.0,92.9,0.0,0.0,0.0,0.0,872,6,866,0,0
20:42:38,4.56,4.46,3.46,6.3,0.8,0.0,92.9,0.0,0.0,0.0,0.0,872,5,867,0,0
20:42:41,4.52,4.45,3.46,6.3,0.8,0.0,92.9,0.0,0.0,0.0,0.0,872,7,865,0,0
20:42:44,4.52,4.45,3.46,6.0,0.8,0.0,93.2,0.0,0.0,0.0,0.0,872,5,867,0,0
20:42:47,4.56,4.46,3.47,6.2,0.9,0.0,93.0,0.0,0.0,0.0,0.0,872,6,866,0,0
20:42:50,4.43,4.43,3.47,6.4,0.9,0.0,92.7,0.0,0.0,0.0,0.0,872,5,867,0,0
20:42:53,4.43,4.43,3.47,6.4,0.9,0.0,92.7,0.0,0.0,0.0,0.0,872,7,865,0,0
20:42:56,4.48,4.44,3.47,6.2,0.9,0.0,92.9,0.0,0.0,0.0,0.0,872,5,867,0,0
20:42:59,4.48,4.44,3.47,6.4,0.8,0.0,92.8,0.0,0.0,0.0,0.0,871,7,864,0,0
20:43:02,4.44,4.44,3.48,6.2,0.8,0.0,93.0,0.0,0.0,0.0,0.0,871,5,866,0,0
20:43:05,4.40,4.43,3.48,6.2,0.8,0.0,93.0,0.0,0.0,0.0,0.0,871,5,866,0,0
20:43:08,4.40,4.43,3.48,6.3,0.9,0.0,92.8,0.0,0.0,0.0,0.0,871,6,865,0,0
20:43:11,4.37,4.42,3.48,6.5,0.9,0.0,92.6,0.0,0.0,0.0,0.0,871,6,865,0,0
20:43:14,4.37,4.42,3.48,6.4,0.9,0.0,92.7,0.0,0.0,0.0,0.0,871,6,865,0,0
20:43:17,4.50,4.45,3.50,6.4,0.9,0.0,92.7,0.0,0.0,0.0,0.0,871,6,865,0,0
20:43:20,4.54,4.46,3.50,6.5,0.9,0.0,92.6,0.0,0.0,0.0,0.0,872,6,866,0,0
20:43:23,4.54,4.46,3.50,6.6,1.0,0.0,92.4,0.0,0.0,0.0,0.0,876,7,869,0,0
20:43:26,5.30,4.61,3.56,7.0,1.3,0.0,91.7,0.0,0.0,0.0,0.0,878,7,871,0,0
20:43:29,5.30,4.61,3.56,6.5,0.9,0.0,92.6,0.0,0.0,0.0,0.0,873,6,867,0,0
20:43:32,5.36,4.64,3.57,6.4,0.9,0.0,92.7,0.0,0.0,0.0,0.0,873,6,867,0,0
20:43:35,5.17,4.61,3.57,6.3,0.8,0.0,92.9,0.0,0.0,0.0,0.0,874,6,868,0,0
20:43:38,5.17,4.61,3.57,6.1,0.8,0.0,93.1,0.0,0.0,0.0,0.0,874,6,868,0,0
20:43:41,5.15,4.62,3.58,6.1,0.8,0.0,93.1,0.0,0.0,0.0,0.0,874,6,868,0,0
20:43:44,5.06,4.61,3.58,6.2,0.9,0.0,92.9,0.0,0.0,0.0,0.0,874,5,869,0,0
20:43:47,5.06,4.61,3.58,6.3,0.9,0.0,92.8,0.0,0.0,0.0,0.0,874,5,869,0,0
20:43:50,4.98,4.60,3.58,6.3,0.8,0.0,92.8,0.0,0.0,0.0,0.0,874,6,868,0,0
20:43:53,4.98,4.60,3.58,6.3,0.8,0.0,92.9,0.0,0.0,0.0,0.0,874,6,868,0,0
20:43:56,5.06,4.62,3.60,6.4,0.9,0.0,92.7,0.0,0.0,0.0,0.0,874,6,868,0,0
20:43:59,5.13,4.64,3.61,6.3,0.8,0.0,93.0,0.0,0.0,0.0,0.0,874,6,868,0,0
20:44:02,5.13,4.64,3.61,6.3,0.8,0.0,92.9,0.0,0.0,0.0,0.0,874,6,868,0,0
20:44:06,5.12,4.65,3.62,6.3,0.8,0.0,92.9,0.0,0.0,0.0,0.0,874,6,868,0,0
20:44:09,5.12,4.65,3.62,6.2,0.8,0.0,93.0,0.0,0.0,0.0,0.0,874,6,868,0,0
20:44:12,5.19,4.67,3.63,6.3,0.9,0.0,92.9,0.0,0.0,0.0,0.0,874,5,869,0,0
20:44:15,5.18,4.68,3.64,6.2,0.8,0.0,93.0,0.0,0.0,0.0,0.0,874,6,868,0,0
20:44:18,5.18,4.68,3.64,6.5,0.9,0.0,92.7,0.0,0.0,0.0,0.0,874,6,868,0,0
20:44:21,5.16,4.68,3.64,6.4,0.8,0.0,92.8,0.0,0.0,0.0,0.0,875,6,869,0,0
20:44:24,5.16,4.68,3.64,6.3,0.8,0.0,92.9,0.0,0.0,0.0,0.0,875,6,869,0,0
20:44:27,5.15,4.69,3.65,6.4,0.9,0.0,92.7,0.0,0.0,0.0,0.0,875,6,869,0,0
20:44:30,5.22,4.71,3.66,6.0,0.8,0.0,93.2,0.0,0.0,0.0,0.0,875,5,870,0,0
20:44:33,5.22,4.71,3.66,6.0,0.8,0.0,93.1,0.0,0.0,0.0,0.0,875,5,870,0,0
20:44:36,5.28,4.73,3.68,6.1,0.8,0.0,93.1,0.0,0.0,0.0,0.0,875,6,869,0,0
20:44:39,5.28,4.73,3.68,6.2,0.9,0.0,92.9,0.0,0.0,0.0,0.0,875,6,869,0,0
20:44:42,5.18,4.72,3.68,6.0,0.8,0.0,93.2,0.0,0.0,0.0,0.0,875,6,869,0,0
20:44:45,5.08,4.71,3.68,6.2,0.8,0.0,92.9,0.0,0.0,0.0,0.0,874,6,868,0,0
20:44:48,5.08,4.71,3.68,6.3,0.9,0.0,92.8,0.0,0.0,0.0,0.0,875,6,869,0,0
20:44:51,5.00,4.69,3.68,6.5,0.9,0.0,92.6,0.0,0.0,0.0,0.0,875,6,869,0,0
20:44:54,5.00,4.69,3.68,6.5,0.8,0.0,92.7,0.0,0.0,0.0,0.0,875,6,869,0,0
20:44:57,5.00,4.70,3.69,6.4,0.8,0.0,92.7,0.0,0.0,0.0,0.0,874,6,868,0,0
20:45:00,5.00,4.70,3.70,6.4,0.8,0.0,92.8,0.0,0.0,0.0,0.0,875,6,869,0,0
20:45:03,5.00,4.70,3.70,6.4,0.9,0.0,92.6,0.0,0.0,0.0,0.0,875,5,870,0,0
20:45:06,4.92,4.69,3.70,6.5,0.8,0.0,92.7,0.0,0.0,0.0,0.0,875,6,869,0,0
20:45:09,4.92,4.69,3.70,6.5,0.9,0.0,92.6,0.0,0.0,0.0,0.0,875,6,869,0,0
20:45:12,4.92,4.70,3.70,6.4,0.9,0.0,92.7,0.0,0.0,0.0,0.0,875,6,869,0,0
20:45:15,5.01,4.72,3.72,6.1,0.8,0.0,93.0,0.0,0.0,0.0,0.0,875,6,869,0,0
20:45:18,5.01,4.72,3.72,6.4,0.8,0.0,92.8,0.0,0.0,0.0,0.0,875,6,869,0,0
20:45:21,5.01,4.72,3.72,6.5,0.9,0.0,92.7,0.0,0.0,0.0,0.0,875,6,869,0,0
20:45:24,5.01,4.72,3.72,6.4,0.9,0.0,92.8,0.0,0.0,0.0,0.0,875,6,869,0,0
20:45:27,5.09,4.75,3.74,6.5,0.9,0.0,92.6,0.0,0.0,0.0,0.0,875,6,869,0,0
20:45:30,5.16,4.77,3.75,6.4,0.9,0.0,92.7,0.0,0.0,0.0,0.0,875,6,869,0,0
20:45:33,5.16,4.77,3.75,6.3,0.9,0.0,92.8,0.0,0.0,0.0,0.0,875,6,869,0,0
20:45:36,5.15,4.77,3.75,6.3,0.9,0.0,92.8,0.0,0.0,0.0,0.0,875,6,869,0,0
20:45:39,5.15,4.77,3.75,6.4,0.9,0.0,92.8,0.0,0.0,0.0,0.0,875,6,869,0,0
20:45:42,5.14,4.77,3.76,6.3,0.9,0.0,92.8,0.0,0.0,0.0,0.0,875,6,869,0,0
20:45:45,4.97,4.74,3.76,6.3,0.9,0.0,92.8,0.0,0.0,0.0,0.0,875,6,869,0,0
20:45:48,4.97,4.74,3.76,6.2,0.8,0.0,93.0,0.0,0.0,0.0,0.0,875,6,869,0,0
20:45:51,4.97,4.75,3.76,6.2,0.8,0.0,93.0,0.0,0.0,0.0,0.0,875,6,869,0,0
20:45:54,4.97,4.75,3.76,6.3,0.8,0.0,92.8,0.0,0.0,0.0,0.0,875,6,869,0,0
20:45:57,4.89,4.74,3.77,6.4,0.9,0.0,92.7,0.0,0.0,0.0,0.0,875,6,869,0,0
20:46:00,4.82,4.72,3.77,6.1,0.8,0.0,93.1,0.0,0.0,0.0,0.0,875,5,870,0,0
20:46:03,4.82,4.72,3.77,6.0,0.8,0.0,93.2,0.0,0.0,0.0,0.0,875,6,869,0,0
20:46:06,4.75,4.71,3.77,6.4,0.9,0.0,92.7,0.0,0.0,0.0,0.0,875,6,869,0,0
20:46:09,4.75,4.71,3.77,5.7,0.8,0.0,93.6,0.0,0.0,0.0,0.0,875,6,869,0,0
20:46:12,4.85,4.73,3.78,6.0,0.8,0.0,93.2,0.0,0.0,0.0,0.0,875,6,869,0,0
20:46:15,4.87,4.74,3.79,6.4,0.9,0.0,92.7,0.0,0.0,0.0,0.0,875,6,869,0,0
20:46:18,4.87,4.74,3.79,6.4,0.9,0.0,92.7,0.0,0.0,0.0,0.0,875,5,870,0,0
20:46:21,4.88,4.74,3.79,6.5,0.9,0.0,92.6,0.0,0.0,0.0,0.0,875,6,869,0,0
20:46:24,4.88,4.74,3.79,6.5,0.9,0.0,92.6,0.0,0.0,0.0,0.0,875,6,869,0,0
20:46:27,4.89,4.75,3.80,6.6,0.9,0.0,92.5,0.0,0.0,0.0,0.0,875,6,869,0,0
20:46:30,4.82,4.73,3.80,6.5,0.9,0.0,92.6,0.0,0.0,0.0,0.0,875,5,870,0,0
20:46:33,4.82,4.73,3.80,6.3,0.8,0.0,92.9,0.0,0.0,0.0,0.0,875,6,869,0,0
20:46:36,4.83,4.74,3.81,6.2,0.9,0.0,92.9,0.0,0.0,0.0,0.0,874,6,868,0,0
20:46:39,4.76,4.73,3.81,6.2,0.8,0.0,93.0,0.0,0.0,0.0,0.0,874,7,867,0,0
20:46:42,4.76,4.73,3.81,6.3,0.8,0.0,92.9,0.0,0.0,0.0,0.0,874,5,869,0,0
20:46:45,4.78,4.73,3.81,6.2,0.8,0.0,93.0,0.0,0.0,0.0,0.0,874,5,869,0,0
20:46:48,4.78,4.73,3.81,6.2,0.8,0.0,93.0,0.0,0.0,0.0,0.0,874,6,868,0,0
20:46:51,4.80,4.74,3.82,6.3,0.9,0.0,92.9,0.0,0.0,0.0,0.0,874,6,868,0,0
20:46:54,4.82,4.74,3.83,6.4,0.9,0.0,92.7,0.0,0.0,0.0,0.0,874,6,868,0,0
20:46:57,4.82,4.74,3.83,6.3,0.9,0.0,92.8,0.0,0.0,0.0,0.0,874,6,868,0,0
20:47:01,4.83,4.74,3.83,6.5,0.8,0.0,92.7,0.0,0.0,0.0,0.0,873,7,866,0,0
20:47:04,4.83,4.74,3.83,6.3,0.8,0.0,92.9,0.0,0.0,0.0,0.0,873,5,868,0,0
20:47:07,4.84,4.75,3.84,6.3,0.8,0.0,92.9,0.0,0.0,0.0,0.0,873,6,867,0,0
20:47:10,4.86,4.75,3.85,6.2,0.8,0.0,92.9,0.0,0.0,0.0,0.0,872,6,866,0,0
20:47:13,4.86,4.75,3.85,6.3,0.9,0.0,92.9,0.0,0.0,0.0,0.0,872,6,866,0,0
20:47:16,4.87,4.76,3.85,6.2,0.8,0.0,92.9,0.0,0.0,0.0,0.0,872,6,866,0,0
20:47:19,4.87,4.76,3.85,6.4,0.8,0.0,92.8,0.0,0.0,0.0,0.0,872,6,866,0,0
20:47:22,4.96,4.78,3.86,6.3,0.8,0.0,92.8,0.0,0.0,0.0,0.0,872,6,866,0,0
20:47:25,5.04,4.80,3.88,6.4,0.8,0.0,92.8,0.0,0.0,0.0,0.0,872,6,866,0,0
20:47:28,5.04,4.80,3.88,6.4,0.9,0.0,92.8,0.0,0.0,0.0,0.0,872,7,865,0,0
20:47:31,5.20,4.83,3.89,6.4,0.8,0.0,92.8,0.0,0.0,0.0,0.0,871,6,865,0,0
20:47:34,5.20,4.83,3.89,6.5,0.9,0.0,92.7,0.0,0.0,0.0,0.0,871,6,865,0,0
20:47:37,5.10,4.82,3.89,6.3,0.8,0.0,92.9,0.0,0.0,0.0,0.0,871,6,865,0,0
20:47:40,5.01,4.81,3.89,6.4,0.8,0.0,92.8,0.0,0.0,0.0,0.0,871,5,866,0,0
20:47:43,5.01,4.81,3.89,6.3,0.8,0.0,92.9,0.0,0.0,0.0,0.0,871,6,865,0,0
20:47:46,5.09,4.83,3.90,6.3,0.8,0.0,92.9,0.0,0.0,0.0,0.0,871,6,865,0,0
20:47:49,5.09,4.83,3.90,6.1,0.8,0.0,93.1,0.0,0.0,0.0,0.0,871,6,865,0,0
20:47:52,5.01,4.81,3.91,6.3,0.8,0.0,92.9,0.0,0.0,0.0,0.0,872,6,866,0,0
20:47:55,4.93,4.80,3.91,6.0,0.8,0.0,93.2,0.0,0.0,0.0,0.0,872,5,867,0,0
20:47:58,4.93,4.80,3.91,6.3,0.8,0.0,93.0,0.0,0.0,0.0,0.0,872,6,866,0,0
20:48:01,5.01,4.82,3.92,6.3,0.8,0.0,92.8,0.0,0.0,0.0,0.0,872,7,865,0,0
20:48:04,5.01,4.82,3.92,6.5,0.8,0.0,92.7,0.0,0.0,0.0,0.0,872,6,866,0,0
20:48:07,5.01,4.82,3.92,6.3,0.8,0.0,92.8,0.0,0.0,0.0,0.0,872,6,866,0,0
20:48:10,5.01,4.83,3.93,6.2,0.8,0.0,92.9,0.0,0.0,0.0,0.0,872,6,866,0,0
20:48:13,5.01,4.83,3.93,6.3,0.9,0.0,92.8,0.0,0.0,0.0,0.0,872,6,866,0,0
20:48:16,5.09,4.85,3.94,6.3,0.8,0.0,92.8,0.0,0.0,0.0,0.0,872,5,867,0,0
20:48:19,5.09,4.85,3.94,6.4,0.9,0.0,92.8,0.0,0.0,0.0,0.0,872,5,867,0,0
20:48:22,5.16,4.86,3.95,6.3,0.9,0.0,92.8,0.0,0.0,0.0,0.0,871,5,866,0,0
20:48:25,5.23,4.88,3.96,6.5,0.8,0.0,92.7,0.0,0.0,0.0,0.0,871,6,865,0,0
20:48:28,5.23,4.88,3.96,6.5,0.9,0.0,92.6,0.0,0.0,0.0,0.0,871,7,864,0,0
20:48:31,5.21,4.89,3.97,6.6,0.9,0.0,92.5,0.0,0.0,0.0,0.0,870,6,864,0,0
20:48:34,5.21,4.89,3.97,6.6,0.9,0.0,92.6,0.0,0.0,0.0,0.0,870,6,864,0,0
20:48:37,5.19,4.89,3.97,6.5,0.9,0.0,92.6,0.0,0.0,0.0,0.0,870,6,864,0,0
20:48:40,5.18,4.89,3.98,6.5,0.8,0.0,92.7,0.0,0.0,0.0,0.0,870,5,865,0,0
20:48:43,5.18,4.89,3.98,6.2,0.8,0.0,93.0,0.0,0.0,0.0,0.0,869,6,863,0,0
20:48:46,5.16,4.89,3.98,6.4,0.9,0.0,92.8,0.0,0.0,0.0,0.0,869,6,863,0,0
20:48:49,5.16,4.89,3.98,6.3,0.8,0.0,92.9,0.0,0.0,0.0,0.0,869,5,864,0,0
20:48:52,5.15,4.89,3.99,6.4,0.9,0.0,92.6,0.0,0.0,0.0,0.0,869,6,863,0,0
20:48:55,5.22,4.91,4.00,6.5,0.9,0.0,92.6,0.0,0.0,0.0,0.0,869,6,863,0,0
20:48:58,5.22,4.91,4.00,6.4,0.9,0.0,92.8,0.0,0.0,0.0,0.0,869,6,863,0,0
20:49:01,5.12,4.90,4.00,6.4,0.8,0.0,92.8,0.0,0.0,0.0,0.0,869,5,864,0,0
20:49:04,5.12,4.90,4.00,6.2,0.8,0.0,93.0,0.0,0.0,0.0,0.0,869,6,863,0,0
20:49:07,5.19,4.92,4.01,6.4,0.8,0.0,92.8,0.0,0.0,0.0,0.0,869,6,863,0,0
20:49:10,5.10,4.90,4.01,6.1,0.8,0.0,93.0,0.0,0.0,0.0,0.0,870,6,864,0,0
20:49:13,5.10,4.90,4.01,6.2,0.8,0.0,93.0,0.0,0.0,0.0,0.0,870,6,864,0,0
20:49:16,5.01,4.89,4.01,6.4,0.9,0.0,92.8,0.0,0.0,0.0,0.0,870,6,864,0,0
20:49:19,5.01,4.89,4.01,6.4,0.9,0.0,92.7,0.0,0.0,0.0,0.0,870,5,865,0,0
20:49:22,4.93,4.87,4.01,6.2,0.8,0.0,92.9,0.0,0.0,0.0,0.0,869,6,863,0,0
20:49:25,4.85,4.86,4.01,6.2,0.8,0.0,93.1,0.0,0.0,0.0,0.0,870,6,864,0,0
20:49:28,4.85,4.86,4.01,6.2,0.9,0.0,92.9,0.0,0.0,0.0,0.0,870,6,864,0,0
20:49:31,4.86,4.86,4.02,6.3,0.8,0.0,92.8,0.0,0.0,0.0,0.0,870,6,864,0,0
20:49:34,4.86,4.86,4.02,6.3,0.9,0.0,92.8,0.0,0.0,0.0,0.0,870,6,864,0,0
20:49:37,4.96,4.88,4.03,6.3,0.8,0.0,92.9,0.0,0.0,0.0,0.0,870,5,865,0,0
20:49:40,4.96,4.88,4.03,6.3,0.8,0.0,92.9,0.0,0.0,0.0,0.0,870,6,864,0,0
20:49:43,4.96,4.88,4.03,6.3,0.8,0.0,92.9,0.0,0.0,0.0,0.0,871,6,865,0,0
20:49:46,4.88,4.86,4.03,6.4,0.9,0.0,92.7,0.0,0.0,0.0,0.0,872,6,866,0,0
20:49:49,4.88,4.86,4.03,6.6,0.9,0.0,92.6,0.0,0.0,0.0,0.0,871,6,865,0,0
20:49:52,4.89,4.87,4.04,6.6,0.9,0.0,92.6,0.0,0.0,0.0,0.0,871,6,865,0,0
20:49:55,4.90,4.87,4.04,6.6,0.9,0.0,92.6,0.0,0.0,0.0,0.0,871,6,865,0,0
20:49:58,4.90,4.87,4.04,6.5,0.9,0.0,92.6,0.0,0.0,0.0,0.0,871,6,865,0,0
20:50:01,4.91,4.87,4.05,6.5,0.9,0.0,92.6,0.0,0.0,0.0,0.0,870,6,864,0,0
20:50:04,4.84,4.86,4.05,6.5,0.8,0.0,92.7,0.0,0.0,0.0,0.0,870,6,864,0,0
20:50:07,4.84,4.86,4.05,6.4,0.8,0.0,92.8,0.0,0.0,0.0,0.0,870,6,864,0,0
20:50:10,4.85,4.86,4.05,6.5,0.9,0.0,92.6,0.0,0.0,0.0,0.0,870,6,864,0,0
20:50:13,4.85,4.86,4.05,6.5,0.9,0.0,92.7,0.0,0.0,0.0,0.0,870,5,865,0,0
20:50:17,5.02,4.89,4.07,6.4,0.8,0.0,92.8,0.0,0.0,0.0,0.0,870,6,864,0,0
20:50:20,5.02,4.90,4.07,6.3,0.8,0.0,92.8,0.0,0.0,0.0,0.0,870,5,865,0,0
20:50:23,5.02,4.90,4.07,6.4,0.9,0.0,92.7,0.0,0.0,0.0,0.0,871,5,866,0,0
20:50:26,5.02,4.90,4.08,6.5,0.8,0.0,92.7,0.0,0.0,0.0,0.0,871,6,865,0,0
20:50:29,5.02,4.90,4.08,6.6,0.9,0.0,92.5,0.0,0.0,0.0,0.0,871,5,866,0,0
20:50:32,5.10,4.92,4.09,6.5,0.9,0.0,92.6,0.0,0.0,0.0,0.0,871,6,865,0,0
20:50:35,5.09,4.92,4.09,6.5,0.8,0.0,92.7,0.0,0.0,0.0,0.0,871,6,865,0,0
20:50:38,5.09,4.92,4.09,6.4,0.9,0.0,92.7,0.0,0.0,0.0,0.0,871,6,865,0,0
20:50:41,5.00,4.90,4.09,6.4,0.8,0.0,92.8,0.0,0.0,0.0,0.0,872,6,866,0,0
20:50:44,5.00,4.90,4.09,6.2,0.8,0.0,93.0,0.0,0.0,0.0,0.0,873,4,869,0,0
20:50:47,4.68,4.84,4.08,1.1,0.5,0.0,98.4,0.0,0.0,0.0,0.0,873,5,868,0,0
20:50:50,4.55,4.81,4.07,5.6,0.6,0.0,93.8,0.0,0.0,0.0,0.0,874,6,868,0,0
20:50:53,4.55,4.81,4.07,5.8,0.6,0.0,93.7,0.0,0.0,0.0,0.0,874,5,869,0,0
20:50:56,4.58,4.81,4.08,5.7,0.5,0.0,93.7,0.0,0.0,0.0,0.0,874,5,869,0,0
20:50:59,4.58,4.81,4.08,5.7,0.6,0.0,93.7,0.0,0.0,0.0,0.0,874,5,869,0,0
20:51:02,4.62,4.81,4.08,5.7,0.5,0.0,93.7,0.0,0.0,0.0,0.0,874,5,869,0,0
20:51:05,4.57,4.80,4.08,5.8,0.6,0.0,93.7,0.0,0.0,0.0,0.0,874,6,868,0,0
20:51:08,4.57,4.80,4.08,5.7,0.6,0.0,93.8,0.0,0.0,0.0,0.0,874,6,868,0,0
20:51:11,4.60,4.80,4.08,5.7,0.5,0.0,93.8,0.0,0.0,0.0,0.0,874,6,868,0,0
20:51:14,4.60,4.80,4.08,5.7,0.6,0.0,93.7,0.0,0.0,0.0,0.0,874,5,869,0,0
20:51:17,4.63,4.81,4.09,5.7,0.5,0.0,93.7,0.0,0.0,0.0,0.0,874,5,869,0,0
20:51:20,4.50,4.78,4.08,5.7,0.5,0.0,93.7,0.0,0.0,0.0,0.0,874,5,869,0,0
20:51:23,4.50,4.78,4.08,5.7,0.5,0.0,93.7,0.0,0.0,0.0,0.0,874,6,868,0,0
20:51:26,4.54,4.78,4.09,5.7,0.6,0.0,93.7,0.0,0.0,0.0,0.0,874,6,868,0,0
20:51:29,4.54,4.78,4.09,5.7,0.6,0.0,93.7,0.0,0.0,0.0,0.0,874,5,869,0,0
20:51:32,4.58,4.78,4.09,5.7,0.5,0.0,93.7,0.0,0.0,0.0,0.0,874,6,868,0,0
20:51:35,4.61,4.79,4.10,5.8,0.5,0.0,93.7,0.0,0.0,0.0,0.0,874,6,868,0,0
20:51:38,4.61,4.79,4.10,5.7,0.5,0.0,93.8,0.0,0.0,0.0,0.0,874,5,869,0,0
20:51:41,4.64,4.79,4.10,5.7,0.5,0.0,93.7,0.0,0.0,0.0,0.0,874,5,869,0,0
20:51:44,4.64,4.79,4.10,5.7,0.5,0.0,93.7,0.0,0.0,0.0,0.0,874,5,869,0,0
20:51:47,4.67,4.79,4.11,5.7,0.5,0.0,93.8,0.0,0.0,0.0,0.0,874,5,869,0,0
20:51:50,4.70,4.80,4.11,5.7,0.5,0.0,93.7,0.0,0.0,0.0,0.0,875,5,870,0,0
20:51:53,4.70,4.80,4.11,5.7,0.6,0.0,93.7,0.0,0.0,0.0,0.0,875,5,870,0,0
20:51:56,4.64,4.79,4.11,5.7,0.5,0.0,93.7,0.0,0.0,0.0,0.0,875,6,869,0,0
20:51:59,4.64,4.79,4.11,3.6,0.6,0.0,95.9,0.0,0.0,0.0,0.0,871,2,869,0,0
20:52:02,4.35,4.72,4.10,0.3,0.5,0.0,98.5,0.7,0.0,0.0,0.0,872,1,871,0,0
20:52:05,4.08,4.66,4.08,0.0,0.1,0.0,98.5,1.4,0.0,0.0,0.0,872,1,871,0,0
20:52:08,4.08,4.66,4.08,0.0,0.1,0.0,98.5,1.4,0.0,0.0,0.0,872,1,871,0,0
20:52:11,3.92,4.62,4.07,0.2,0.3,0.0,98.5,1.0,0.0,0.0,0.0,856,1,854,0,1
